/discord https://discord.gg/9FsawxR
/github https://github.com/tritonmc/Triton/
/github_issues https://github.com/tritonmc/Triton/issues
/github_bugs https://github.com/tritonmc/Triton/labels/bug
/github_config https://github.com/tritonmc/Triton/blob/v3/core/src/main/resources/config.yml
/github_config_bungee https://github.com/tritonmc/Triton/blob/v3/core/src/main/resources/bungee_config.yml
/messagesyml https://github.com/tritonmc/Triton/blob/v3/core/src/main/resources/messages.yml
/api https://github.com/tritonmc/Triton/wiki
/spigot https://www.spigotmc.org/resources/triton.30331/
/polymart https://polymart.org/resource/38
/api-latest https://github.com/tritonmc/Triton/releases/latest
/javadocs https://repo.diogotc.com/javadoc/releases/com/rexcantor64/triton/triton-api/latest
/banner https://skinmc.net/en/banner/editor
/protocollib https://github.com/dmulloy2/ProtocolLib/releases/tag/dev-build

/getting-started/installation.html /docs/getting-started/installation
/getting-started/initial-configuration.html /docs/getting-started/initial-configuration
/faq /docs/faq
/concepts/config.html /docs/concepts/config
/concepts/storage.html /docs/concepts/storage
/concepts/commands-permissions.html /docs/concepts/commands-permissions
/concepts/translations.html /docs/concepts/translations
/concepts/placeholders.html /docs/concepts/placeholders
/concepts/twin.html /docs/concepts/twin
/concepts/patterns.html /docs/concepts/patterns
/concepts/placeholderapi.html /docs/concepts/placeholderapi
/concepts/dynamic-signs.html /docs/concepts/dynamic-signs
/guides/first-translation.html /docs/guides/first-translation
/guides/bulk-translate.html /docs/guides/bulk-translate
/guides/flags.html /docs/guides/flags
/guides/velocity.html /docs/guides/velocity
/experimental-features/async-protocollib.html /docs/experimental-features/async-protocollib
/programatic-api/getting-started.html /docs/programatic-api/getting-started
/migration/v2-to-v3.html /docs/migration/v2-to-v3
/migration/v1-to-v2.html /docs/migration/v1-to-v2
/migration/v0-to-v1.html /docs/migration/v0-to-v1
